words,key
RETICULAR,ACEILRRTU
SCHIZOS,CHIOSSZ
INTIMIDATED,ADDEIIIMNTT
PENDENTLY,DEELNNPTY
HOOSEGOW,EGHOOOSW
INSURRECTIONARY,ACEIINNORRRSTUY
SAPONINE,AEINNOPS
NICARAGUA,AAACGINRU
SORORITY,IOORRSTY
SUAVE;UVEAS,AESUV
SQUIRMERS,EIMQRRSSU
CAPTION;PONTIAC,ACINOPT
COATED,ACDEOT
OTOSCOPY,COOOPSTY
GLAMOURED,ADEGLMORU
NILLS,ILLNS
AMERICANISMS,AACEIIMMNRSS
CARBOHYDRATE,AABCDEHORRTY
FURLOUGHED,DEFGHLORUU
INFLUXES,EFILNSUX
MATURATIONAL,AAAILMNORTTU
PORKPIES,EIKOPPRS
MULTIVITAMIN,AIIILMMNTTUV
WRYNECK,CEKNRWY
SOUTHPAW,AHOPSTUW
COURTIER,CEIORRTU
PATHOLOGIST,AGHILOOPSTT
UNSHAKABLY,AABHKLNSUY
BATRACHIANS,AAABCHINRST
OFFENCE,CEEFFNO
CONFESSES,CEEFNOSSS
WAINSCOTING,ACGIINNOSTW
CHUBBILY,BBCHILUY
IMPRECISIONS,CEIIIMNOPRSS
JEJUNAL,AEJJLNU
PHOTOSENSITIVITY,EHIIINOOPSSTTTVY
REMEMBERING,BEEEGIMMNRR
RECONVICTION,CCEIINNOORTV
BURLAP,ABLPRU
EXIGUITY,EGIITUXY
CERTIFIABLE;RECTIFIABLE,ABCEEFIILRT
GRAVEYARD,AADEGRRVY
BRAINWASHING,AABGHIINNRSW
SUBDEBUTANTES,ABBDEENSSTTUU
DESALINIZING,ADEGIIILNNSZ
WHITEOUTS,EHIOSTTUW
CALENDERED,ACDDEEELNR
JEWELWEEDS,DEEEEJLSWW
BOGGED,BDEGGO
CUBOIDAL,ABCDILOU
CONQUERS,CENOQRSU
COFFINING,CFFGIINNO
BUGGED,BDEGGU
LOPSIDEDNESS,DDEEILNOPSSS
PASSANT,AANPSST
RHUMBAS,ABHMRSU
GAPINGLY,AGGILNPY
DETECT,CDEETT
LETHARGIC,ACEGHILRT
RIBS,BIRS
MEDIEVAL,ADEEILMV
NONHAZARDOUS,AADHNNOORSUZ
BRIT,BIRT
LIMEADES,ADEEILMS
AUTOBIOGRAPHIC,AABCGHIIOOPRTU
BEACHBOY,ABBCEHOY
ELECTROPLATING,ACEEGILLNOPRTT
CONCLUSIVENESS,CCEEILNNOSSSUV
PRYTHEE,EEHPRTY
ENDBRAIN,ABDEINNR
DOWNHILLS,DHILLNOSW
UNRECOVERABLE,ABCEEELNORRUV
PROSPECTUSES,CEEOPPRSSSTU
OTTAWAS,AAOSTTW
HUMPING,GHIMNPU
ALIENATES,AAEEILNST
FEVEROUS,EEFORSUV
APPRAISE,AAEIPPRS
RITE;TIER;TIRE,EIRT
RIVE;VIER,EIRV
IRRUPTING,GIINPRRTU
IRES;RISE;SIRE,EIRS
OVERPLAYED,ADEELOPRVY
LOOKING,GIKLNOO
BRIDLES,BDEILRS
GOOIER,EGIOOR
HARDENED,ADDEEHNR
RECIRCULATED,ACCDEEILRRTU
IMPERFECTION,CEEFIIMNOPRT
DISAPPROVALS,AADILOPPRSSV
STOLIDITY,DIILOSTTY
PICKABACK,AABCCIKKP
RETROACTIVE,ACEEIORRTTV
FLAGRANTLY,AAFGLLNRTY
HENNAED,ADEEHNN
ABOUND,ABDNOU
ETIOLOGICAL,ACEGIILLOOT
BOGYISM,BGIMOSY
LAMPLIGHTER,AEGHILLMPRT
SINECURES,CEEINRSSU
SINCEREST,CEEINRSST
DUELLO,DELLOU
TWIGGED,DEGGITW
BOUNCER,BCENORU
FISHTAILS,AFHIILSST
DISSATISFY,ADFIISSSTY
SUBREGION,BEGINORSU
OBSERVING,BEGINORSV
INFLUENT,EFILNNTU
MISGOVERNING,EGGIIMNNORSV
MOONSHINING,GHIIMNNNOOS
JESTFUL,EFJLSTU
SEMIPRIMITIVE,EEIIIIMMPRSTV
ALCAZAR,AAACLRZ
SKIRLS,IKLRSS
ANTICORROSIVES,ACEIINOORRSSTV
CONVENIENCE,CCEEEINNNOV
BEACHY,ABCEHY
ACAPULCO,AACCLOPU
DELUSIVENESS,DEEEILNSSSUV
TREADMILLS,ADEILLMRST
WAVEBAND,AABDENVW
UNDERSTANDING,ADDEGINNNRSTU
TRILLS,ILLRST
PLANIGRAPHY,AAGHILNPPRY
BROUGHAMS,ABGHMORSU
ANNULMENTS,AELMNNNSTU
GLITCHES,CEGHILST
UPDATABLE,AABDELPTU
HEREUNTO,EEHNORTU
SENSUOUS,ENOSSSUU
DESOLATED,ADDEELOST
NECKING,CEGIKNN
JAPANNERS,AAEJNNPRS
PERFECTED,CDEEEFPRT
DEFOLIATE,ADEEFILOT
TRANQUILIZES,AEIILNQRSTUZ
APPENDICES,ACDEEINPPS
COMMEMORATES,ACEEMMMOORST
ORBITAL,ABILORT
BOLIVAR,ABILORV
MATTED,ADEMTT
PREFATORY,AEFOPRRTY
BAILORS,ABILORS
HOMELAND,ADEHLMNO
PAINTY,AINPTY
OUTGROWS,GOORSTUW
VIOLISTS,IILOSSTV
SUBFRACTIONAL,AABCFILNORSTU
RENOUNCERS,CEENNORRSU
MISDEEDS,DDEEIMSS
ADOPTABILITY,AABDIILOPTTY
FEINTED,DEEFINT
SEPTUPLING,EGILNPPSTU
DEFINER;REFINED,DEEFINR
DEFINES,DEEFINS
FURTHERMOST,EFHMORRSTTU
DRUTHERS,DEHRRSTU
DISPERSALS,ADEILPRSSS
AGITATO,AAGIOTT
STEREOCHEMICAL,ACCEEEHILMORST
PROPAGATORS,AAGOOPPRRST
PASTURAL;SPATULAR,AALPRSTU
BROWNIES,BEINORSW
RADIAL,AADILR
RAMMISH,AHIMMRS
BALLOONING,ABGILLNNOO
ETERNALNESS,AEEELNNRSST
OPPOSITION,IINOOOPPST
DELIVERABLE,ABDEEEILLRV
SURGERY,EGRRSUY
LICHENINS,CEHIILNNS
MAXWELLS,AELLMSWX
FLATWAYS,AAFLSTWY
HEPATIC,ACEHIPT
RIDDING,DDGIINR
ANGULARNESS,AAEGLNNRSSU
SUPPURATES,AEPPRSSTUU
PROLIFERATIONS,AEFIILNOOPRRST
DUELISTS,DEILSSTU
MENSTRUATE,AEEMNRSTTU
TREATMENTS,AEEMNRSTTT
SPECS,CEPSS
PUCES,CEPSU
TOILETTES,EEILOSTTT
ADULATE,AADELTU
TRIARCHY,ACHIRRTY
COMPLIMENTARY,ACEILMMNOPRTY
CANARY,AACNRY
HUBBY,BBHUY
OVERAPPREHENSIVE,AEEEEHINOPPRRSVV
COOEE,CEEOO
SUBSIDIZE,BDEIISSUZ
COUNTENANCE,ACCEENNNOTU
BROIDERS;DISROBER,BDEIORRS
DEFEND;FENDED,DDEEFN
ELECTROSTATIC,ACCEEILORSTTT
BROIDERY,BDEIORRY
SOCIOSEXUALITIES,ACEEIIILOOSSSTUX
DEFIED,DDEEFI
ADULTERERS,ADEELRRSTU
MERCANTILISTIC,ACCEIIILMNRSTT
SCHOOLBOOK,BCHKLOOOOS
EMMIES,EEIMMS
DEREGULATE,ADEEEGLRTU
OBEYABLE,ABBEELOY
LUSTRAL,ALLRSTU
COMPENSATED,ACDEEMNOPST
PROSPECTING,CEGINOPPRST
AGONIES;AGONISE,AEGINOS
INDEFATIGABILITY,AABDEFGIIIILNTTY
ENVENOMIZATION,AEEIIMNNNOOTVZ
ARTICULATIONES,AACEIILNORSTTU
PALPITATE,AAEILPPTT
HAMMERS;SHAMMER,AEHMMRS
LUMPERS;RUMPLES,ELMPRSU
ANATHEMATIZED,AAADEEHIMNTTZ
LUMINARY,AILMNRUY
DOWNTURNS;TURNDOWNS,DNNORSTUW
ANALYZED,AADELNYZ
SUPERCONDUCTOR,CCDENOOPRRSTUU
DECEASING,ACDEEGINS
TELESCOPE,CEEELOPST
OUTCLASSES,ACELOSSSTU
ABSTRUSELY,ABELRSSTUY
DERISIONS;IRONSIDES;RESINOIDS,DEIINORSS
DISORIENT,DEIINORST
DIVERSION,DEIINORSV
DRIPPED,DDEIPPR
NONPOSSESSION,EINNNOOOPSSSS
TRESSES,EERSSST
CANNABISM,AABCIMNNS
INSINCERELY,CEEIILNNRSY
DISSEMBLING,BDEGIILMNSS
SQUIRRELLING,EGIILLNQRRSU
FLOURING,FGILNORU
RATTOONING,AGINNOORTT
ASTRONAUTICS,AACINORSSTTU
ASSOCIATOR,AACIOORSST
BUSTERS,BERSSTU
DECOUPAGE,ACDEEGOPU
SPHERING,EGHINPRS
CONSTRUCTIONIST,CCIINNOORSSTTTU
COMPACTIONS,ACCIMNOOPST
BOOKER,BEKOOR
AHIMSAS,AAHIMSS
BARQUENTINE,ABEEINNQRTU
MARTIALISTS,AAIILMRSSTT
BETOOK,BEKOOT
TRAGICOMEDIES,ACDEEGIIMORST
DRAY;YARD,ADRY
REGAINERS,AEEGINRRS
COCKHORSES,CCEHKOORSS
ASBESTOS,ABEOSSST
REMITTING,EGIIMNRTT
UNINFECTED,CDEEFINNTU
FRATERNIZE,AEEFINRRTZ
AUTO,AOTU
GLASSFULS,AFGLLSSSU
COMPRESSIVELY,CEEILMOPRSSVY
ANALYTICALLY,AAACILLLNTYY
GRUBBIER,BBEGIRRU
EMBITTERS,BEEIMRSTT
VOLTAIC,ACILOTV
REALIZABLE,AABEEILLRZ
ONOMATOPOEICALLY,AACEILLMNOOOOPTY
IRONCLAD,ACDILNOR
SNIGGERINGLY,EGGGIILNNRSY
SLIMES;SMILES,EILMSS
PADLOCK,ACDKLOP
LIMEYS,EILMSY
COMPLICATES;ECTOPLASMIC,ACCEILMOPST
MONOLINGUAL,AGILLMNNOOU
SWUNG,GNSUW
GUERILLAS,AEGILLRSU
UNHURT,HNRTUU
CHIRRUPING,CGHIINPRRU
NASTURTIUM,AIMNRSTTUU
KRILLS,IKLLRS
COMPADRE;COMPARED,ACDEMOPR
DEFOGGED,DDEEFGGO
SPURREY,EPRRSUY
HARMONIZES,AEHIMNORSZ
MIGRATORS,AGIMORRST
OEDIPUSES,DEEIOPSSU
DOCUMENT,CDEMNOTU
PURSUER;USURPER,EPRRSUU
DIMENSIONAL,ADEIILMNNOS
CADAVEROUSLY,AACDELORSUVY
TRAPPED,ADEPPRT
ATTRIBUTIONS,ABIINORSTTTU
RASPINGLY;SPARINGLY,AGILNPRSY
REMISSLY,EILMRSSY
REVIEWABLE,ABEEEILRVW
MISRULES,EILMRSSU
ARMOURERS,AEMORRRSU
DEMOGRAPHICS,ACDEGHIMOPRS
WINGSPREADS,ADEGINPRSSW
FLATLAND,AADFLLNT
SONGBIRDS,BDGINORSS
BLACKOUTS,ABCKLOSTU
TOPLOFTIER,EFILOOPRTT
FOREGUT,EFGORTU
SPLENETIC,CEEILNPST
UNDERMINING,DEGIIMNNNRU
PRUNE,ENPRU
PEPTIDE,DEEIPPT
LIGHTHEARTED,ADEEGHHILRTT
CATALOGUES;COAGULATES,AACEGLOSTU
INFRAREDS,ADEFINRRS
PRECONCEIVED,CCDEEEINOPRV
GUNSHIPS,GHINPSSU
CONVOY,CNOOVY
REPLICATED,ACDEEILPRT
IMPERMANENCE,ACEEEIMMNNPR
AMORPHOUSNESS,AEHMNOOPRSSSU
CHORDING,CDGHINOR
EVANGELIC,ACEEGILNV
HEARTLESSNESS,AEEEHLNRSSSST
ENCRUSTING,CEGINNRSTU
OGRISHLY,GHILORSY
FLATHEAD,AADEFHLT
COUNTERFEIT,CEEFINORTTU
RECRUITED,CDEEIRRTU
SOAPBOX,ABOOPSX
ELUCIDATE,ACDEEILTU
STRINGENCY,CEGINNRSTY
IGNITER;TIERING,EGIINRT
BALLING,ABGILLN
REIVING,EGIINRV
HEROES,EEHORS
ZINGIER,EGIINRZ
BLITZED,BDEILTZ
TOXICOLOGISTS,CGIILOOOSSTTX
CONSTABLES,ABCELNOSST
SPECKS,CEKPSS
MAGNANIMITY,AAGIIMMNNTY
AQUAPLANE,AAAELNPQU
SUFFICING,CFFGIINSU
NONPLUSING,GILNNNOPSU
INVECTIVE,CEEIINTVV
PRIMP,IMPPR
CALCULATION,AACCILLNOTU
MASTER;MATERS;STREAM;TAMERS,AEMRST
AMUSER,AEMRSU
DECKLE,CDEEKL
NECKED,CDEEKN
MARSES;MASERS;SMEARS,AEMRSS
PECKED,CDEEKP
ATTAINERS;REATTAINS;TEARSTAIN,AAEINRSTT
UNDERACHIEVER,ACDEEEHINRRUV
CONSERVATIVES,ACEEINORSSTVV
FRIVOLOUS,FILOORSUV
PRIZEFIGHT,EFGHIIPRTZ
HABERDASHER,AABDEEHHRRS
ANNEXES,AEENNSX
HIREABLE,ABEEHILR
NEATENS,AEENNST
MATURITIES,AEIIMRSTTU
DIGESTS,DEGISST
DECONTROLLING,CDEGILLNNOORT
DEBACLE,ABCDEEL
BUCKET,BCEKTU
COMMISERATION,ACEIIMMNOORST
BEACHED,ABCDEEH
IUDS,DISU
LUXATIONS,AILNOSTUX
DEFROSTER,DEEFORRST
ADUMBRATES,AABDEMRSTU
CONCORDANCES,ACCCDENNOORS
TRANSMITTANCES,AACEIMNNRSSTTT
ASSEMBLYMEN,ABEELMMNSSY
HYENAS,AEHNSY
WHENAS,AEHNSW
HAVENS;SHAVEN,AEHNSV
CLIMBERS,BCEILMRS
INVEIGHED,DEEGHIINV
VICTIMIZATION,ACIIIIMNOTTVZ
OLOGRAPH,AGHLOOPR
ACCLIMATIZES,AACCEIILMSTZ
DEACONS,ACDENOS
LONDONER,DELNNOOR
METATARSUS,AAEMRSSTTU
SHAFTS,AFHSST
CHANNELIZES,ACEEHILNNSZ
BRANDY,ABDNRY
WAUGH,AGHUW
PLAGUING,AGGILNPU
BRANDS,ABDNRS
LUDICROUS,CDILORSUU
LACERATIONS,AACEILNORST
MINNY,IMNNY
BUFFETER,BEEFFRTU
UNACADEMIC,AACCDEIMNU
SANDALING,AADGILNNS
IMMATERIALITIES,AAEEIIIILMMRSTT
VULGARNESS,AEGLNRSSUV
DESTRUCTOR,CDEORRSTTU
CLOPPED,CDELOPP
ARRANTLY,AALNRRTY
BOTCHERS,BCEHORST
DISEMBOWEL,BDEEILMOSW
SERAPE,AEEPRS
REAPER,AEEPRR
REPEAT,AEEPRT
IRREPARABLY,AABEILPRRRY
PAREVE;REPAVE,AEEPRV
FOLLICLE,CEFILLLO
GAPOSIS,AGIOPSS
RETICULE,CEEILRTU
ANISETTES,AEEINSSTT
LITTORALS;TORTILLAS,AILLORSTT
DELIVERER;REDELIVER,DEEEILRRV
SETTEE;TESTEE,EEESTT
STEEVE;VESTEE,EEESTV
MUGWUMPS,GMMPSUUW
ZAFTIG,AFGITZ
DICTAPHONE,ACDEHINOPT
PSYCHOLOGIZED,CDEGHILOOPSYZ
HIPPY,HIPPY
MUTUALISM,AILMMSTUU
JAZZED,ADEJZZ
BAROGRAM,AABGMORR
CORDAGE,ACDEGOR
JUBILATIONS,ABIIJLNOSTU
ATTRACTS,AACRSTTT
INTUITIVE,EIIINTTUV
STRYCHNINE,CEHINNRSTY
GRITTY,GIRTTY
CHATTERS;RATCHETS,ACEHRSTT
PREORGANIZATION,AAEGIINNOOPRRTZ
NONSYSTEMATIC,ACEIMNNOSSTTY
ANGLEWORMS,AEGLMNORSW
CAGELING;GLACEING,ACEGGILN
OLIVIA,AIILOV
FUNCTIONALIST,ACFIILNNOSTTU
DRIFTWOOD,DDFIOORTW
DEMONETIZATION,ADEEIIMNNOOTTZ
HEMISPHERICAL,ACEEHHIILMPRS
COLONIZATIONIST,ACIIILNNOOOSTTZ
LINEBACKERS,ABCEEIKLNRS
METRIFIES,EEFIIMRST
SHAMABLE,AABEHLMS
DISPELS,DEILPSS
DIVINISE,DEIIINSV
RIMMER,EIMMRR
MIMERS;SIMMER,EIMMRS
EXPEDITIOUS,DEEIIOPSTUX
IMMURE,EIMMRU
ACCURSEDNESS,ACCDEENRSSSU
DAPHNIAS,AADHINPS
OBTRUDER,BDEORRTU
REFORMULATES,AEEFLMORRSTU
TRAGEDIENNE,ADEEEGINNRT
BEDDING,BDDEGIN
BIRDLIMED,BDDEIILMR
FILIAL,AFIILL
BIBLIOGRAPHY,ABBGHIILOPRY
FLINTLIKE,EFIIKLLNT
ORNERIEST;REORIENTS,EEINORRST
JAYWALKED,AADEJKLWY
ORTHOPEDICS,CDEHIOOPRST
PERITONITIS,EIIINOPRSTT
CORKWOODS,CDKOOORSW
HOLDOVER,DEHLOORV
CULLETS,CELLSTU
REEMERGING,EEEGGIMNRR
BEDROLLS,BDELLORS
COFEATURE,ACEEFORTU
SPOTTED,DEOPSTT
SPOUTED,DEOPSTU
INOCULATION,ACIILNNOOTU
LYRICISTS,CIILRSSTY
RESUPPLYING,EGILNPPRSUY
DINKUM,DIKMNU
CONTRADISTINCTION,ACCDIIINNNOORSTTT
ASTRAGAL,AAAGLRST
CAPTURED,ACDEPRTU
COMPORTING,CGIMNOOPRT
PLAINS;SPINAL,AILNPS
REIMBURSEMENTS,BEEEIMMNRRSSTU
DECENTRALIZATIONS,AACDEEIILNNORSTTZ
ATTRACTED,AACDERTTT
PURPOSELESS,EELOPPRSSSU
PRIORITIES,EIIIOPRRST
HON,HNO
KERBING,BEGIKNR
LETTED,DEELTT
TOWARD,ADORTW
WELTED,DEELTW
HUN,HNU
NTH,HNT
INTEGUMENTARY,AEEGIMNNRTTUY
FINNS,FINNS
BISEXUALS,ABEILSSUX
WELLSPRINGS,EGILLNPRSSW
DESPITED,DDEEIPST
UPBEAT,ABEPTU
COUNTERFEITLY,CEEFILNORTTUY
CONTRAINDICATING,AACCDGIIINNNORTT
ANNOUNCEMENT,ACEEMNNNNOTU
KNUCKLE,CEKKLNU
IAMBS,ABIMS
PICTORIALS,ACIILOPRST
FILIGREE,EEFGIILR
ORNAMENTATIONS,AAEIMNNNOORSTT
BALDHEAD,AABDDEHL
HEADBAND,AABDDEHN
RADOMES,ADEMORS
ARMORED,ADEMORR
EYEING,EEGINY
BYPATH,ABHPTY
GENIES;SEEING;SIGNEE,EEGINS
PEEING,EEGINP
FRICASSEED,ACDEEFIRSS
ENGINE,EEGINN
POMADED,ADDEMOP
NONDISCRIMINATORY,ACDIIIMNNNOORRSTY
CORONAE,ACENOOR
KLAXON,AKLNOX
EVENTUATES,AEEENSTTUV
EXTENUATES,AEEENSTTUX
MAHOMET,AEHMMOT
ENUNCIATIONS,ACEIINNNOSTU
ABACI,AABCI
DISTANTLY,ADILNSTTY
FETUSES,EEFSSTU
FEEBLE,BEEEFL
PUERILELY,EEILLPRUY
EVERYWAY,AEERVWYY
INCINERATION,ACEIIINNNORT
TRICHROME,CEHIMORRT
EXTROVERTED,DEEEORRTTVX
OSTRACISM,ACIMORSST
CHUMP,CHMPU
LIMEKILNS,EIIKLLMNS
OPTATIVE,AEIOPTTV
PUKES,EKPSU
MONITORING,GIIMNNOORT
PESKY,EKPSY
QUERYING,EGINQRUY
MONSIGNORI,GIIMNNOORS
FATSOES;FOSSATE,AEFOSST
ACCORDER,ACCDEORR
AGENDA,AADEGN
HYDROLYSES,DEHLORSSYY
BAMBINOS;NABOBISM,ABBIMNOS
JERKER,EEJKRR
CRITIQUE,CEIIQRTU
BABYLONIANS,AABBILNNOSY
NEONATALLY,AAELLNNOTY
ADAGES,AADEGS
TOOLHOLDER,DEHLLOOORT
ABORTS;TABORS,ABORST
BRAVOS,ABORSV
ASSUMING,AGIMNSSU
POOPED,DEOOPP
WIREPHOTO,EHIOOPRTW
HEURISTIC,CEHIIRSTU
TEENIEST,EEEINSTT
WEENIEST,EEEINSTW
DISADVANTAGEOUSLY,AAADDEGILNOSSTUVY
UNPITYING,GIINNPTUY
VIDKIDS,DDIIKSV
UNTHINKABLE,ABEHIKLNNTU
SINGLEHANDEDLY,ADDEEGHILLNNSY
LAPP,ALPP
PAWL,ALPW
PAUL,ALPU
PLAT,ALPT
CUTAWAYS,AACSTUWY
PLAY,ALPY
TIMOTHIES,EHIIMOSTT
TABULARLY,AABLLRTUY
UNDISGUISED,DDEGIINSSUU
QUADRUPLICATES,AACDEILPQRSTUU
EARFLAPS,AAEFLPRS
ADHESIVES,ADEEHISSV
CONSULT,CLNOSTU
DEBUTED,BDDEETU
ADVANCED,AACDDENV
PALLIATIVELY,AAEIILLLPTVY
BRITICISM,BCIIIMRST
SHAWM;WHAMS,AHMSW
MEMORABLY,ABELMMORY
GAVOTTES,AEGOSTTV
GUTTA,AGTTU
PARANOIA,AAAINOPR
SWIVELLED,DEEILLSVW
OSTEOLOGICALLY,ACEGILLLOOOSTY
PLAID,ADILP
CONTUMELIOUS,CEILMNOOSTUU
EARNABLE,AABEELNR
GLORIFICATIONS,ACFGIIILNOORST
KAME;MAKE,AEKM
KALE;LAKE;LEAK,AEKL
PLAUSIBILITY,ABIIILLPSTUY
BRAWLIER,ABEILRRW
REBURIAL,ABEILRRU
EXCLUSIVITY,CEIILSTUVXY
NORTHER,EHNORRT
PEGBOARD,ABDEGOPR
BACKSTOPS,ABCKOPSST
ZENITH,EHINTZ
DISUNITY,DIINSTUY
ACRID,ACDIR
ACIDS;CADIS,ACDIS
TAKE;TEAK,AEKT
SAKE,AEKS
RAKE,AEKR
DICTA,ACDIT
PEAK,AEKP
PRAGMATISTS,AAGIMPRSSTT
SQUASHIEST,AEHIQSSSTU
GUNFIGHT,FGGHINTU
BEATIFYING,ABEFGIINTY
CONSTRUCTIONISM;MISCONSTRUCTION,CCIIMNNOORSSTTU
PHYCOMYCETES,CCEEHMOPSTYY
VINOUSLY,ILNOSUVY
AMALGAMS,AAAGLMMS
FATUOUSLY,AFLOSTUUY
ANNOUNCE,ACENNNOU
VICTORIAS,ACIIORSTV
HANDICAPPERS,AACDEHINPPRS
BOUNCERS,BCENORSU
POLYGAMIES,AEGILMOPSY
SPATHE,AEHPST
BRIMFUL,BFILMRU
OBVIOUSLY,BILOOSUVY
PASHES;PHASES;SHAPES,AEHPSS
CANNABIC,AABCCINN
ADJOURNS,ADJNORSU
CUSPIDAL,ACDILPSU
PSEUDOMODERN,DDEEMNOOPRSU
AGREEMENT,AEEEGMNRT
ELONGATE,AEEGLNOT
AFTERTASTE,AAEEFRSTTT
PERIWIG,EGIIPRW
SACCHARINE,AACCEHINRS
DEPRAVE;PERVADE;REPAVED,ADEEPRV
GRIPIER,EGIIPRR
ADEPTER;PREDATE;TAPERED,ADEEPRT
CHAUCERIAN,AACCEHINRU
HIGHTH,GHHHIT
BLITZKRIEG,BEGIIKLRTZ
DEPRIVALS,ADEILPRSV
DISPERSAL,ADEILPRSS
CUSTOMHOUSE,CEHMOOSSTUU
PASSIVITY,AIIPSSTVY
KNOBBINESS,BBEIKNNOSS
GAMER;MARGE,AEGMR
COAEVALS,AACELOSV
DICASTS,ACDISST
DISAFFILIATE,AADEFFIIILST
GAMEY,AEGMY
QUIETISTS,EIIQSSTTU
MALEDICTORY,ACDEILMORTY
DEMASCULINIZED,ACDDEEIILMNSUZ
EMPLOY,ELMOPY
LADYFINGERS,ADEFGILNRSY
FAUVES,AEFSUV
PUNKY,KNPUY
OMEGA,AEGMO
MANGE,AEGMN
HELEN,EEHLN
EMBOSSING,BEGIMNOSS
SUBVERSION,BEINORSSUV
PHYSIOPATHOLOGICAL,AACGHHIILLOOOPPSTY
HYPED,DEHPY
THREEPING,EEGHINPRT
DEPTH,DEHPT
FUNNIER,EFINNRU
WHEEL,EEHLW
HELVE,EEHLV
ETHEL;LETHE,EEHLT
HEELS,EEHLS
PIPPIN,IINPPP
URANUS,ANRSUU
NAPLESS,AELNPSS
MIZZLE,EILMZZ
ACQUAINTANCESHIP,AAACCEHIINNPQSTU
ABETTORS;TABORETS,ABEORSTT
SIBYLLIC,BCIILLSY
ABDUCTIONS,ABCDINOSTU
SPLASHILY,AHILLPSSY
PRESSWORK,EKOPRRSSW
JOHNNIES,EHIJNNOS
LOUDISH,DHILOSU
FRINGELIKE,EEFGIIKLNR
BLENCHERS,BCEEHLNRS
BLUEFINS,BEFILNSU
KNIGHTHOODS,DGHHIKNOOST
MICROSCOPIST,CCIIMOOPRSST
ABSOLVES,ABELOSSV
ADDRESSEES,ADDEEERSSS
NULLITIES,EIILLNSTU
SIFTERS;STRIFES,EFIRSST
FLUBDUBS,BBDFLSUU
CHIPPY,CHIPPY
INVIGORATING,AGGIIINNORTV
FAMILIARIZE,AAEFIIILMRZ
STIPPLE;TIPPLES,EILPPST
PILEUPS,EILPPSU
CORTEGES,CEEGORST
PREADAPTED,AADDEEPPRT
BACKLOG,ABCGKLO
INVEIGLER;RELIEVING,EEGIILNRV
CARDED,ACDDER
ADDUCE,ACDDEU
PLECTRUMS,CELMPRSTU
SHOETREE,EEEHORST
REPATRIATIONS,AAEIINOPRRSTT
EPISODIC,CDEIIOPS
BORDERLANDS,ABDDELNORRS
BASEBORN,ABBENORS
LUPINS,ILNPSU
DECADE,ACDDEE
CADGED,ACDDEG
CADDIE,ACDDEI
STRAIGHTFORWARDLY,AADFGHILORRRSTTWY
SUBSTANTIVENESS,ABEEINNSSSSTTUV
ORBITER,BEIORRT
DANCED,ACDDEN
REQUISITELY,EEIILQRSTUY
PIFFLES,EFFILPS
COPULATIONS,ACILNOOPSTU
MEDICINALLY,ACDEIILLMNY
SLACKS,ACKLSS
INFLAMING,AFGIILMNN
SPLICERS,CEILPRSS
TAMARACK,AAACKMRT
SURPLICE,CEILPRSU
CAULKS,ACKLSU
PLATYPUSES,AELPPSSTUY
MONTAGING,AGGIMNNOT
COLORABLE,ABCELLOOR
CLOSEUPS,CELOPSSU
CLERKSHIPS,CEHIKLPRSS
ROCKETING,CEGIKNORT
WOODCUT,CDOOTUW
QUOTAS,AOQSTU
DOGHOUSES,DEGHOOSSU
ANTECEDING,ACDEEGINNT
OBSCURE,BCEORSU
GRANDNIECE,ACDEEGINNR
EXPOSURES,EEOPRSSUX
SUBJUGATING,ABGGIJNSTUU
PERFUMED,DEEFMPRU
MUSSES,EMSSSU
IMPERVIOUSNESS,EEIIMNOPRSSSUV
UNMAILABLE,AABEILLMNU
OVERDRAMATIZE,AADEEIMORRTVZ
SUBSUMED,BDEMSSUU
BINOMIAL,ABIILMNO
PSHAWS,AHPSSW
IMMATURITIES,AEIIIMMRSTTU
ANTIPHONS,AHINNOPST
MOTHERHOOD,DEHHMOOORT
BESMOKE,BEEKMOS
ALBINISM,ABIILMNS
DEMESNES;SEEDSMEN,DEEEMNSS
SEDIMENTATION,ADEEIIMNNOSTT
PRELIMINARIES,AEEIIILMNPRRS
LIGNUMS,GILMNSU
BENDERS,BDEENRS
MOLLUSKS,KLLMOSSU
LULLABYING,ABGILLLNUY
BRUISERS,BEIRRSSU
GRANULATORS,AAGLNORRSTU
BIOASTRONAUTICAL,AAABCIILNOORSTTU
HORNPIPES,EHINOPPRS
REQUESTING,EEGINQRSTU
SOMESTHESISES,EEEHIMOSSSSST
PREACCEPTANCE,AACCCEEENPPRT
IMPOVERISHMENT,EEHIIMMNOPRSTV
POSTBOYS,BOOPSSTY
PROFESSORS,EFOOPRRSSS
CONGLOMERATED,ACDEEGLMNOORT
ERUCTED,CDEERTU
NONIMMUNITIES,EIIIMMNNNOSTU
TROTTING,GINORTTT
AUSPICIOUS,ACIIOPSSUU
LIONIZER,EIILNORZ
ACTIVENESS,ACEEINSSTV
CHRISTIANIZED,ACDEHIIINRSTZ
HANDICAPS,AACDHINPS
REINTRODUCES,CDEEINORRSTU
SUKIYAKI,AIIKKSUY
ENRAVISHED,ADEEHINRSV
APPALOOSAS,AAALOOPPSS
DISHEARTEN,ADEEHINRST
BUCHANAN,AABCHNNU
INQUESTS,EINQSSTU
DECONTROLS,CDELNOORST
CLAMOROUS,ACLMOORSU
CLASSROOM,ACLMOORSS
PUDDLIEST,DDEILPSTU
LIVERYMAN,AEILMNRVY
STRAYERS,AERRSSTY
LAVER;RAVEL;VELAR,AELRV
PIPETTES,EEIPPSTT
MEDIATED,ADDEEIMT
COCO,CCOO
RIGOROUS,GIOORRSU
MONITOR,IMNOORT
RESTARTS;STARTERS,AERRSSTT
ANTITHETICALLY,AACEHIILLNTTTY
STARVERS,AERRSSTV
PERSECUTED,CDEEEPRSTU
STRAUSS,ARSSSTU
SUBCATEGORY,ABCEGORSTUY
MUCKRAKE,ACEKKMRU
MULCHES,CEHLMSU
THITHERWARD,ADEHHIRRTTW
PAGINATION,AAGIINNOPT
EXCELLENT,CEEELLNTX
FAULTIEST,AEFILSTTU
AQUANAUTS,AAANQSTUU
COLLOQUIUM,CILLMOOQUU
DRAGGED,ADDEGGR
MINIMIZES,EIIIMMNSZ
DAZZLINGLY,ADGILLNYZZ
CONDUCTIVITY,CCDIINOTTUVY
SIGHER,EGHIRS
QUINTILES,EIILNQSTU
INTWISTED,DEIINSTTW
ELIZABETH,ABEEHILTZ
UNTIDIEST,DEIINSTTU
SUCKLERS,CEKLRSSU
AMOUNTING,AGIMNNOTU
SENSIBLEST,BEEILNSSST
AGGRESSIVENESS,AEEEGGINRSSSSV
ANTIPERSPIRANT,AAEIINNPPRRSTT
SWITCHBOARD,ABCDHIORSTW
RACONTEUR,ACENORRTU
JEALOUSNESS,AEEJLNOSSSU
OUTBUILDING,BDGIILNOTUU
RECAPITULATIONS,AACEIILNOPRSTTU
MYTH,HMTY
REMUNERATED,ADEEEMNRRTU
PRINCIPLED,CDEIILNPPR
SWARMED,ADEMRSW
SMARTED,ADEMRST
PROVOCATEUR,ACEOOPRRTUV
LOGANBERRY,ABEGLNORRY
DISCASES,ACDEISSS
FLAVOURING,AFGILNORUV
GERIATRIST,AEGIIRRSTT
SOGGY,GGOSY
GIBBERISH,BBEGHIIRS
IMPUTE;UPTIME,EIMPTU
PLACATED,AACDELPT
INACCESSIBILITY,ABCCEIIIILNSSTY
XYLEMS,ELMSXY
IRIDESCENCE,CCDEEEIINRS
REFUNDS,DEFNRSU
PECKING,CEGIKNP
NONPERISHABLE,ABEEHILNNOPRS
CORNERSTONE,CEENNOORRST
MO,MO
EXPANSIVELY,AEEILNPSVXY
FIREPLACE,ACEEFILPR
INCONVENIENCE,CCEEEIINNNNOV
ORAL,ALOR
ALSO;LAOS,ALOS
MW,MW
ALEWIFE,AEEFILW
AWOL,ALOW
ALTO,ALOT
MR,MR
GRUMPILY,GILMPRUY
MY,MY
IMPERCEPTIBLENESS,BCEEEEIILMNPPRSST
FROMAGES,AEFGMORS
NONACADEMICS,AACCDEIMNNOS
LITHOGRAPHERS,AEGHHILOPRRST
DISTINCT,CDIINSTT
AUTOMATONS,AAMNOOSTTU
MAINTAINER,AAEIIMNNRT
ANTITHESIS,AEHIINSSTT
INTERPRETERS;REINTERPRETS,EEEINPRRRSTT
REGROWTH,EGHORRTW
PIPEFULS,EFILPPSU
FLIPPEST,EFILPPST
MOLLUSC,CLLMOSU
ACHROMATISM,AACHIMMORST
DELECTABLE,ABCDEEELLT
COMMISSIONING,CGIIIMMNNOOSS
INCORRIGIBLENESS,BCEEGIIILNNORRSS
VINEYARD,ADEINRVY
SUPERSEXES,EEEPRSSSUX
VAMPIRISM,AIIMMPRSV
AQUIVER,AEIQRUV
ODYSSEUS,DEOSSSUY
GODDESSES,DDEEGOSSS
RUMINATINGLY,AGIILMNNRTUY
GREENWICH,CEEGHINRW
OPTATIVES,AEIOPSTTV
DEFAMINGLY,ADEFGILMNY
OVERDRAWING,ADEGINORRVW
PHILANDERER,ADEEHILNPRR
SHUNPIKE,EHIKNPSU
ALLOWED,ADELLOW
ALLOTED,ADELLOT
ALLOYED,ADELLOY
SECULARISM,ACEILMRSSU
SEMINARIAN,AAEIIMNNRS
SANITARIUM,AAIIMNRSTU
PRESTAMP,AEMPPRST
REHEATER,AEEEHRRT
CURSORILY,CILORRSUY
DUBIOUSLY,BDILOSUUY
POLYMATHS,AHLMOPSTY
REHEARSE,AEEEHRRS
CONFABULATION,AABCFILNNOOTU
VANWARD,AADNRVW
FERRULE,EEFLRRU
CHEERLEADERS,ACDEEEEHLRRS
APPROVER,AEOPPRRV
CRABBILY,ABBCILRY
FURNACED,ACDEFNRU
ANYBODY,ABDNOYY
COWORKER,CEKOORRW
HANDSPRING,ADGHINNPRS
POPULACE,ACELOPPU
ONCOMINGS,CGIMNNOOS
COMPUTING,CGIMNOPTU
REFIRE,EEFIRR
PASSION,AINOPSS
CUTIE,CEITU
CIVET;EVICT,CEITV
TWICE,CEITW
WILLINGEST,EGIILLNSTW
SYNCHROS,CHNORSSY
FRIEZE,EEFIRZ
DEFAT;FATED,ADEFT
ELECTIVELY,CEEEILLTVY
SCAPED;SPACED,ACDEPS
HYPOTHESIZERS,EEHHIOPRSSTYZ
BOOKMAKERS,ABEKKMOORS
CARPED;CRAPED;REDCAP,ACDEPR
STOPCOCK,CCKOOPST
FORFENDS,DEFFNORS
DECLASSIFICATIONS,AACCDEFIIILNOSSST
CONVOLUTIONS,CILNNOOOSTUV
NONRESIDENTIAL,ADEEIILNNNORST
EUTROPHIES,EEHIOPRSTU
CUBAN,ABCNU
RIPOSTING,GIINOPRST
TOPOGRAPHICALLY,AACGHILLOOPPRTY
HOMINESS,EHIMNOSS
BUSTIEST,BEISSTTU
NARKS;RANKS;SNARK,AKNRS
BEREAVE,ABEEERV
GENERATIONS,AEEGINNORST
FURZY,FRUYZ
ELECTROTHERAPUTICALLY,AACCEEEHILLLOPRRTTTUY
GENERALISTS,AEEGILNRSST
CURVE,CERUV
BROWNY,BNORWY
OUTGASSING,AGGINOSSTU
ERODED,DDEEOR
LL,LL
REINSTRUCTS,CEINRRSSTTU
NEGOTIANTS,AEGINNOSTT
SOUTHEASTERS,AEEHORSSSTTU
NONSUCCESSIVE,CCEEINNOSSSUV
POLEAXED,ADEELOPX
TRACTIONAL,AACILNORTT
DIAMETERS;DREAMIEST,ADEEIMRST
FUSELAGES,AEEFGLSSU
HYPERBOLAS,ABEHLOPRSY
ORANGERIES,AEEGINORRS
LITTLE,EILLTT
UNMANAGEABLE,AAABEEGLMNNU
EDGEWAYS,ADEEGSWY
LOTHARIOS,AHILOORST
PREFIXIONS,EFIINOPRSX
SERVOMECHANISMS,ACEEHIMMNORSSSV
SUBKINGDOMS,BDGIKMNOSSU
ARIGHT,AGHIRT
LAPAROTOMY,AALMOOPRTY
LESSENING,EEGILNNSS
DISFRANCHISERS,ACDEFHIINRRSSS
DUNGEONS,DEGNNOSU
DAZZLED,ADDELZZ
HOUSESAT,AEHOSSTU
SNOWDRIFTS,DFINORSSTW
LAUNDROMATS,AADLMNORSTU
COMMISSIONERSHIP,CEHIIIMMNOOPRSSS
METAMORPHOSING,AEGHIMMNOOPRST
FOOTBATHS,ABFHOOSTT
FRONTALLY,AFLLNORTY
INDEMNIFYING,DEFGIIIMNNNY
CREEPER,CEEEPRR
LR,LR
WHITEHEADS,ADEEHHISTW
ASPHYXIANT,AAHINPSTXY
CIRCUMCISED,CCCDEIIMRSU
LEMUR,ELMRU
MEDIATE,ADEEIMT
TODDLES,DDELOST
HANGARS,AAGHNRS
SCOOTING,CGINOOST
MIDDEN;MINDED,DDEIMN
DIMMED,DDEIMM
SPECTROMETRIC,CCEEIMOPRRSTT
CLIMB,BCILM
ORGANOPHOSPHATE,AAEGHHNOOOPPRST
GIZZARD,ADGIRZZ
PARTICULARITY,AACIILPRRTTUY
DEFORESTED,DDEEEFORST
NECESSARY,ACEENRSSY
URBANIZATION,AABIINNORTUZ
FEINT,EFINT
PEGGY,EGGPY
MAXIMIZATION,AAIIIMMNOTXZ
SUPERSEDES,DEEEPRSSSU
FINES,EFINS
FINER;INFER,EFINR
PROJECTOR,CEJOOPRRT
PLASTERY;PSALTERY,AELPRSTY
MAWKISHNESS,AEHIKMNSSSW
GULL,GLLU
HORSES;SHOERS;SHORES,EHORSS
INADEQUATENESS,AADEEEINNQSSTU
FUNCTIONARIES,ACEFIINNORSTU
PLATTERS;PRATTLES;SPLATTER;SPRATTLE,AELPRSTT
IMPURITY,IIMPRTUY
AUTOGENESIS,AEEGINOSSTU
SURVEILS,EILRSSUV
PROMETHIUM,EHIMMOPRTU
SODDENING,DDEGINNOS
ANTIQUARY,AAINQRTUY
INDISPUTABLY,ABDIILNPSTUY
SWANKS,AKNSSW
BOYCOTTING,BCGINOOTTY
FREELOADED,ADDEEEFLOR
REAPPRAISER,AAEEIPPRRRS
DOWSED,DDEOSW
BITUMINOUS,BIIMNOSTUU
DOUSED,DDEOSU
ODDEST,DDEOST
ADVERSITIES,ADEEIIRSSTV
COMMENCEMENTS,CCEEEMMMNNOST
PYTHAGOREANS,AAEGHNOPRSTY
PREDETERMINE,DEEEEIMNPRRT
FAINTISH,AFHIINST
INTERMINGLES,EEGIILMNNRST
COEQUAL,ACELOQU
LIMBIC,BCIILM
NONIDEOLOGICAL,ACDEGIILLNNOOO
CASEWORKS,ACEKORSSW
EXCITEMENT,CEEEIMNTTX
KNAPSACKS,AACKKNPSS
BENEFICES,BCEEEFINS
WEAPONED,ADEENOPW
FLACCID,ACCDFIL
INFLICTING,CFGIIILNNT
COLLEGIA,ACEGILLO
REFRACTORINESS,ACEEFINORRRSST
EPILOGS,EGILOPS
DEBUGGED,BDDEEGGU
ERUPTIONAL,AEILNOPRTU
NINETEENTH,EEEHINNNTT
BEWILDERED,BDDEEEILRW
CRABBEDNESS,ABBCDEENRSS
WINDOWING,DGIINNOWW
REENGAGED,ADEEEGGNR
ALLOCATING,AACGILLNOT
BELEAGUERS,ABEEEGLRSU
ADVENTURER,ADEENRRTUV
UNDERWATER,ADEENRRTUW
SCATOLOGY,ACGLOOSTY
GRANTS,AGNRST
WRYNECKS,CEKNRSWY
ACCEDE,ACCDEE
CACHED,ACCDEH
PASTILLE,AEILLPST
SKATEBOARDED,AABDDEEKORST
DEFENDING,DDEEFGINN
SEXUALITIES,AEEIILSSTUX
DIADEM,ADDEIM
COPENHAGEN,ACEEGHNNOP
MONIKER,EIKMNOR
BIFFING,BFFGIIN
INFAMOUSLY,AFILMNOSUY
PROCEEDED,CDDEEEOPR
SENTRYING,EGINNRSTY
ELEVEN,EEELNV
VENISON,EINNOSV
INTONES;TENSION,EINNOST
SONNIES,EINNOSS
NIETZSCHE,CEEHINSTZ
NEATLY,AELNTY
LEVANT,AELNTV
EUTHENICS,CEEHINSTU
HUFFING,FFGHINU
LUNATE,AELNTU
PROPANE,AENOPPR
SEIDLITZ,DEIILSTZ
ORGANIZATIONS,AAGIINNOORSTZ
BUNKHOUSES,BEHKNOSSUU
REMUNERATOR,AEEMNORRRTU
DECLINABLE,ABCDEEILLN
RAIDED,ADDEIR
REPACKAGES,AACEEGKPRS
ANNALIST,AAILNNST
FRETTIEST,EEFIRSTTT
URGENTLY,EGLNRTUY
TRADITIONALLY,AADIILLNORTTY
HEADLOCK,ACDEHKLO
FRIZETTES,EEFIRSTTZ
TRAVESTYING,AEGINRSTTVY
MIXOLOGY,GILMOOXY
DISCOURAGINGLY,ACDGGIILNORSUY
LIKELY,EIKLLY
SHACKLED,ACDEHKLS
DIVISIVENESS,DEEIIINSSSVV
HURLER,EHLRRU
COCAINISM,ACCIIMNOS
VOLITIONS,IILNOOSTV
KILLER,EIKLLR
HYMNISTS,HIMNSSTY
PARDONABLE,AABDELNOPR
IRRITANCY,ACIINRRTY
KAKOGENIC,ACEGIKKNO
PANHANDLES,AADEHLNNPS
PANHANDLER,AADEHLNNPR
PLOPPED,DELOPPP
SLOPPED,DELOPPS
DOPPLER,DELOPPR
TOPPLED,DELOPPT
LIKER,EIKLR
LIKES,EIKLS
REASSEMBLING,ABEEGILMNRSS
SINGHALESE,AEEGHILNSS
PITILESSNESS,EEIILNPSSSST
DRUNKARD,ADDKNRRU
PURPOSED,DEOPPRSU
STROPPED,DEOPPRST
SCOREPAD,ACDEOPRS
INKLE;LIKEN,EIKLN
ETHIOPIA,AEHIIOPT
PREDATORINESS,ADEEINOPRRSST
DESPOTISM,DEIMOPSST
PREEMPTS,EEMPPRST
MATEYS;MAYEST;STEAMY,AEMSTY
BELLHOPS,BEHLLOPS
EDEMATOUS,ADEEMOSTU
ADVOCATE,AACDEOTV
AUTOCADE,AACDEOTU
CANDIDNESSES,ACDDEEINNSSS
DEPRESSIONARY,ADEEINOPRRSSY
QUALMIER,AEILMQRU
MENDINGS,DEGIMNNS
UNBODIED,BDDEINOU
SUBOFFICERS,BCEFFIORSSU
FLUNG,FGLNU
MENDICANT,ACDEIMNNT
GULCHES,CEGHLSU
BEACH,ABCEH
DHOTI,DHIOT
MOONIER,EIMNOOR
FEUDED,DDEEFU
EMOTION,EIMNOOT
SPUNKED,DEKNPSU
INCALCULABLY,AABCCILLLNUY
DOMINANCE,ACDEIMNNO
DEPORTS;SPORTED,DEOPRST
BACKWASH,AABCHKSW
POWDERS,DEOPRSW
CABLE,ABCEL
TRIBUNE;TURBINE,BEINRTU
BEWRAYER,ABEERRWY
CANDLELIGHT,ACDEGHILLNT
BATHTUBS,ABBHSTTU
BRUTIFIES,BEFIIRSTU
MOULDIEST,DEILMOSTU
TOLYLS,LLOSTY
AUTOMATIZE,AAEIMOTTUZ
VICINITIES,CEIIIINSTV
CANFIELD,ACDEFILN
CRACKNELS,ACCEKLNRS
OBFUSCATORY,ABCFOORSTUY
DISENCHANTING,ACDEGHIINNNST
CROCODILES,CCDEILOORS
PAMPERING,AEGIMNPPR
COTTONSEED,CDEENOOSTT
NATIONALITY,AAIILNNOTTY
BYPATHS,ABHPSTY
CENTAUR;UNCRATE,ACENRTU
FAULTFINDERS,ADEFFILNRSTU
CARDIOMETRY,ACDEIMORRTY
SPACEFLIGHT,ACEFGHILPST
DETACHES;SACHETED,ACDEEHST
BALLAD,AABDLL
LAMBDA,AABDLM
ICONOCLASTIC,ACCCIILNOOST
HEDGEHOPPING,DEEGGHHINOPP
INDEXABLE,ABDEEILNX
THORNIEST,EHINORSTT
HEROICALLY,ACEHILLORY
FIGURATION,AFGIINORTU
TRICUSPID,CDIIPRSTU
STEREOTYPER,EEEOPRRSTTY
WHICKER,CEHIKRW
CARPINGS;SCRAPING,ACGINPRS
GEEKS,EEGKS
CHIRKER,CEHIKRR
SCRUTINIES;SCRUTINISE,CEIINRSSTU
CONSTITUTIONAL,ACIILNNOOSTTTU
NOTIFICATION,ACFIIINNOOTT
VISUALIZED,ADEIILSUVZ
CAPACITY,AACCIPTY
BOLONEYS,BELNOOSY
INCREDULOUS,CDEILNORSUU
ANYONE,AENNOY
DEACTIVATING,AACDEGIINTTV
OSMIC,CIMOS
MICRO,CIMOR
CZARS,ACRSZ
GRADERS;REGARDS,ADEGRRS
SCARY,ACRSY
GUARDER,ADEGRRU
HOBOISMS,BHIMOOSS
CRASS;SCARS,ACRSS
CRAWS,ACRSW
CARTS,ACRST
ARCUS,ACRSU
REVERB,BEERRV
BREWER,BEERRW
SOLIPSISTIC,CIIILOPSSST
BOUNDS,BDNOSU
WHITES;WITHES,EHISTW
REFINISHED,DEEFHIINRS
TEMPERAMENTALLY,AAEEELLMMNPRTTY
UNMUZZLES,ELMNSUUZZ
LONGSHIPS,GHILNOPSS
APOGEAL,AAEGLOP
REIMPRISONS,EIIMNOPRRSS
REVIEWS;VIEWERS,EEIRSVW
NABOB,ABBNO
DISFIGURE,DEFGIIRSU
EFFENDI,DEEFFIN
QUAKY,AKQUY
MISINSTRUCTING,CGIIIMNNRSSTTU
PROSECUTION,CEINOOPRSTU
PERSONAS,AENOPRSS
INTRUSIONS,IINNORSSTU
ASPHALTING,AAGHILNPST
TESSELLATED,ADEEELLSSTT
MEERSCHAUMS,ACEEHMMRSSU
COCAINIZED,ACCDEIINOZ
DISSUASIVE,ADEIISSSUV
WOULDST,DLOSTUW
ABORTIVENESS,ABEEINORSSTV
LAUDATORILY,AADILLORTUY
INTERROGATOR,AEGINOORRRTT
BEWAILERS,ABEEILRSW
BEASTLIER;BLEARIEST;LIBERATES,ABEEILRST
CONSITUTIONAL,ACIILNNOOSTTU
BIOSCOPES,BCEIOOPSS
HAILSTONE,AEHILNOST
SERGEANTSHIP,AEEGHINPRSST
LADYKIN,ADIKLNY
CALMS;CLAMS,ACLMS
CLAMP,ACLMP
SCUTTLEBUTT,BCELSTTTTUU
OUTWALKING,AGIKLNOTUW
UNDERLAY,ADELNRUY
DELIGHTFULNESS,DEEFGHILLNSSTU
PIETISMS,EIIMPSST
TABULATING,AABGILNTTU
QUIPSTER,EIPQRSTU
STOCKMAN,ACKMNOST
IMPUTATION,AIIMNOPTTU
SPILLER,EILLPRS
PRODDING,DDGINOPR
REFLEX,EEFLRX
FREELY,EEFLRY
PIROJKI,IIJKOPR
LEFTER,EEFLRT
FERULE;FUELER;REFUEL,EEFLRU
CRACKLING,ACCGIKLNR
MORPHEME,EEHMMOPR
FLEERS,EEFLRS
QUITTING,GIINQTTU
DOTTY,DOTTY
FLYLEAVES,AEEFLLSVY
THUMP,HMPTU
DEADHEADS,AADDDEEHS
SOCIABLE,ABCEILOS
GLAND,ADGLN
TURTLENECK,CEEKLNRTTU
FOSTERAGE,AEEFGORST
GLADY,ADGLY
CATHOLICS,ACCHILOST
GLADS,ADGLS
ARMER;REARM,AEMRR
MARES;MARSE;MASER;REAMS;SMEAR,AEMRS
MATER;TAMER,AEMRT
PROVOCATIONS,ACINOOOPRSTV
YODEL;YODLE,DELOY
RELATIVENESS,AEEEILNRSSTV
VAPORIZE,AEIOPRVZ
DOLES;LODES;SOLED,DELOS
OLDER,DELOR
PERLITIC,CEIILPRT
LOPED;POLED,DELOP
DOWEL;LOWED,DELOW
LOVED,DELOV
IMMIXING,GIIIMMNX
DRACONIC,ACCDINOR
DERISIVENESS,DEEEIINRSSSV
GETTING,EGGINTT
POLYMERIZES,EEILMOPRSYZ
BANSHEES,ABEEHNSS
FORECLOSURES,CEEFLOORRSSU
OVERROASTED,ADEEOORRSTV
FRIENDSHIP,DEFHIINPRS
ENHANCE,ACEEHNN
ACHENES,ACEEHNS
BRUSKNESS,BEKNRSSSU
CHEAPEN,ACEEHNP
FRAPPING,AFGINPPR
MITRED,DEIMRT
DERMIS;DIMERS,DEIMRS
SPLENETICALLY,ACEEILLLNPSTY
MOTHERLY,EHLMORTY
DISENTHRALLED,ADDEEHILLNRST
INSISTENCY,CEIINNSSTY
OPERATOR,AEOOPRRT
IRS;SIR;SRI,IRS
TURGESCENCE,CCEEEGNRSTU
CRUISERS;SCURRIES,CEIRRSSU
ZIONISM,IIMNOSZ
IMPELLED,DEEILLMP
PEDAGOGS,ADEGGOPS
MISSION,IIMNOSS
JOSTLED,DEJLOST
IONIUMS,IIMNOSU
DISCONTENTMENT,CDEEIMNNNOSTTT
TRINITARIANS,AAIIINNRRSTT
MANIKINS,AIIKMNNS
RESPIRATORS,AEIOPRRRSST
SKETCHIER,CEEHIKRST
SAGITTAL,AAGILSTT
WAGTAILS,AAGILSTW
PASTELLISTS,AEILLPSSSTT
NEWFASHIONED,ADEEFHINNOSW
MANNIKIN,AIIKMNNN
VACUITIES,ACEIISTUV
CHUNTER,CEHNRTU
SKIMPING,GIIKMNPS
SHAMEFACED,AACDEEFHMS
UNDERSIDE;UNDESIRED,DDEEINRSU
DENDRITES,DDEEINRST
ADMINISTRATE,AADEIIMNRSTT
TUGBOATS,ABGOSTTU
SECURENESS,CEEENRSSSU
SECRETNESS,CEEENRSSST
FRATER;RAFTER,AEFRRT
FARERS,AEFRRS
SPONSORS,NOOPRSSS
SERVABLE,ABEELRSV
EQUILATERAL,AAEEILLQRTU
PROVIDER,DEIOPRRV
MISHANDLE,ADEHILMNS
CONJURATION,ACIJNNOORTU
SERGEANCIES,ACEEEGINRSS
AERODYNAMICALLY,AAACDEILLMNORYY
COMBINING,BCGIIMNNO
EGOMANIACAL,AAACEGILMNO
FORESEEING,EEEFGINORS
BLOBS,BBLOS
DEVIATIONS,ADEIINOSTV
PRIVACIES,ACEIIPRSV
VERNACULARLY,AACELLNRRUVY
INDESCRIBABILITIES,ABBCDEEIIIIILNRSST
RUDDER,DDERRU
CONICAL;LACONIC,ACCILNO
PARKWAYS,AAKPRSWY
TIBIAS,ABIIST
CURETTE,CEERTTU
SHUTTLE,EHLSTTU
VAGRANTS,AAGNRSTV
TEMPTERS,EEMPRSTT
PERMUTES,EEMPRSTU
MALAMUTES,AAELMMSTU
BLOWOUT,BLOOTUW
PENTOTHAL,AEHLNOPTT
NONVISIBLE,BEIILNNOSV
ROUX,ORUX
YOUR,ORUY
OVERHEATS,AEEHORSTV
COMPLIANCE,ACCEILMNOP
ATTEMPTED,ADEEMPTTT
TRISKAIDEKAPHOBIA,AAABDEHIIIKKOPRST
ECONOMICAL,ACCEILMNOO
MILITARIZING,AGIIIILMNRTZ
INCINERATING,ACEGIIINNNRT
CONGRATULATING,AACGGILNNORTTU
FATIGUABLE,AABEFGILTU
MONATOMIC,ACIMMNOOT
DEREGULATIONS,ADEEGILNORSTU
CRINKLY,CIKLNRY
BETTORS,BEORSTT
OBTUSER,BEORSTU
OBVERTS,BEORSTV
VOLVOXES,ELOOSVVX
ROOFLINE,EFILNOOR
BURLESQUES,BEELQRSSUU
CLIQUED,CDEILQU
MISINSTRUCT,CIIMNRSSTTU
CONFIGURATION,ACFGIINNOORTU
PHOTOSPHERIC,CEHHIOOPPRST
SMUGGEST,EGGMSSTU
LINIMENTS,EIILMNNST
RAMPARTS,AAMPRRST
ABORTIONISTS,ABIINOORSSTT
CAMPOREE,ACEEMOPR
PREFACING,ACEFGINPR
HATABLE,AABEHLT
DELL,DELL
ATOMISTIC,ACIIMOSTT
HYDROGRAPHIC,ACDGHHIOPRRY
DOLE;LODE,DELO
COMMUNISTIC,CCIIMMNOSTU
FELLAHEEN,AEEEFHLLN
TETRACYCLINE,ACCEEILNRTTY
PULPED,DELPPU
ORIGAMI,AGIIMOR
CUDGELERS,CDEEGLRSU
DETERRER,DEEERRRT
DOWDY,DDOWY
HONEYED,DEEHNOY
EXTINGUISH,EGHIINSTUX
ELDS;SLED,DELS
SPECULATED,ACDEELPSTU
SATISFYINGLY,AFGIILNSSTYY
UNMOORED,DEMNOORU
LIBERTARIANS,AABEIILNRRST
ORNITHOLOGISTS,GHIILNOOORSSTT
DIALOGS,ADGILOS
LEWD;WELD,DELW
SEGREGATIONIST,AEEGGIINORSSTT
ORIFICES,CEFIIORS
ENOUGH,EGHNOU
CUDDIES,CDDEISU
REWASHED,ADEEHRSW
HEADREST,ADEEHRST
GOMORRAH,AGHMOORR
MACULATED,AACDELMTU
NOTIFICATIONS,ACFIIINNOOSTT
FLUFFINESS,EFFFILNSSU
MNEMONICS,CEIMMNNOS
AMARYLLIS,AAILLMRSY
FIDGETINESS,DEEFGIINSST
DISINCLINED,CDDEIIILNNS
YUGOSLAV,AGLOSUVY
LIFESPAN,AEFILNPS
VAPORIZES,AEIOPRSVZ
ROSETTES,EEORSSTT
BOOTLEGGER,BEEGGLOORT
SALUBRITY,ABILRSTUY
CHIVVIED,CDEHIIVV
DEMIURGES,DEEGIMRSU
PIGNET,EGINPT
REALIGNMENT,AEEGILMNNRT
DEVELOPER;REDEVELOP,DEEELOPRV
MERCANTILE,ACEEILMNRT
INSEPARABLY,AABEILNPRSY
UNDERPAID,ADDEINPRU
OSTEOPATHIES,AEEHIOOPSSTT
ORISON,INOORS
SEIGNORAGE,AEEGGINORS
COMPLAIN,ACILMNOP
SCUFFLERS,CEFFLRSSU
THORNILY,HILNORTY
CHAPERONS,ACEHNOPRS
SCHNOZZLE,CEHLNOSZZ
DISTAL,ADILST
DESIGNMENT,DEEGIMNNST
DISMISSAL,ADIILMSSS
GUINEA,AEGINU
BEAGLE,ABEEGL
TRANSMUTATION,AAIMNNORSTTTU
DEFIANCE,ACDEEFIN
BARGEE,ABEEGR
INVOLUCRES,CEILNORSUV
SCABS,ABCSS
TOILETRY,EILORTTY
THERMOMETRIC,CEEHIMMORRTT
DEPOPULATIONS,ADEILNOOPPSTU
HESITANCE,ACEEHINST
COWCATCHERS,ACCCEHORSTW
NUMMULAR,ALMMNRUU
SATRAP;SPARTA,AAPRST
VITUPERATED,ADEEIPRTTUV
UNSHAKEN,AEHKNNSU
INCREDULOUSLY,CDEILLNORSUUY
BREAKOUT;OUTBREAK,ABEKORTU
ANVILED,ADEILNV
UNLEARNT,AELNNRTU
BURGEONING,BEGGINNORU
GWEDUCKS,CDEGKSUW
NORTHERN,EHNNORRT
CLOTTY,CLOTTY
DEXTROSE,DEEORSTX
OYSTERED;STOREYED,DEEORSTY
NEWSPAPERMEN,AEEEMNNPPRSW
DROWSIEST,DEIORSSTW
OUTSIDERS,DEIORSSTU
TRANSEPTS,AENPRSSTT
NEIGHBORHOODS,BDEGHHINOOORS
AQUALUNG,AAGLNQUU
BADLAND,AABDDLN
DISADVANTAGED,AAADDDEGINSTV
OXYGENIZING,EGGIINNOXYZ
CORTICES,CCEIORST
VISCOSES,CEIOSSSV
UNUTILIZED,DEIILNTUUZ
FILTHILY,FHIILLTY
FRIVOLITY,FIILORTVY
AIRSPACE,AACEIPRS
CONTINUANCES,ACCEINNNOSTU
CALCULATOR,AACCLLORTU
CONFETTO,CEFNOOTT
POSTBAG,ABGOPST
BRAISE;RABIES;SERBIA,ABEIRS
PRAISEWORTHY,AEHIOPRRSTWY
SUNTANNED,ADENNNSTU
PROMOTING,GIMNOOPRT
PRAWNS,ANPRSW
SULFURYLS,FLLRSSUUY
MADCAPLY,AACDLMPY
ANGLOPHOBIA,AABGHILNOOP
VITTLED,DEILTTV
KINESIOLOGY,EGIIKLNOOSY
FREEBOOTED,BDEEEFOORT
RATIONALITY,AAIILNORTTY
ADMINISTRANTS,AADIIMNNRSSTT
ATTRITIONAL,AAIILNORTTT
ACACIAS,AAACCIS
DANDLED,ADDDELN
CUTEY,CETUY
ROEBUCK,BCEKORU
BROCKET,BCEKORT
DISMEMBER,BDEEIMMRS
MIAMI,AIIMM
COLLARDS,ACDLLORS
RESURGENCES,CEEEGNRRSSU
COOKWARES,ACEKOORSW
CARROMING,ACGIMNORR
SKILLFULLY,FIKLLLLSUY
PURGER,EGPRRU
INFILTRATE,AEFIILNRTT
RENEGOTIATED,ADEEEGINORTT
FORNICATING,ACFGIINNORT
WHOLEHEARTEDNESS,ADEEEEHHLNORSSTW
DISAFFILIATING,AADFFGIIIILNST
CRIMINATED,ACDEIIMNRT
TOXICAL,ACILOTX
OUZEL,ELOUZ
GRAVITIC,ACGIIRTV
SKYROCKETS,CEKKORSSTY
SUBURBANITES,ABBEINRSSTUU
DIZZIER,DEIIRZZ
FLAVOURED,ADEFLORUV
CRABBINESS,ABBCEINRSS
BESTIARIES,ABEEIIRSST
CHAPLAINS,AACHILNPS
VOLUBLY,BLLOUVY
STATIONERY,AEINORSTTY
UNTETHERS,EEHNRSTTU
RAVAGES;SAVAGER,AAEGRSV
TEARGAS,AAEGRST
CAPITULATING,AACGIILNPTTU
FORETIME,EEFIMORT
BIORHYTHMIC,BCHHIIMORTY
DISRESPECTABLE,ABCDEEEILPRSST
HOODWINKS,DHIKNOOSW
INESSENTIAL,AEEIILNNSST
IRRIGATING,AGGIIINRRT
REMAINED,ADEEIMNR
REPERCUSSION,CEEINOPRRSSU
CONOIDAL,ACDILNOO
AGGRIEVES,AEEGGIRSV
CHAIRMANNED,AACDEHIMNNR
TROPHIES,EHIOPRST
SOUTHEAST,AEHOSSTTU
HAMPSHIRE,AEHHIMPRS
CONJURE,CEJNORU
SMOOCHY,CHMOOSY
OVERCOMPENSATED,ACDEEEMNOOPRSTV
ACIDIFIES,ACDEFIIIS
ACIDIFIER,ACDEFIIIR
SCHMOOS,CHMOOSS
GUMDROP,DGMOPRU
DISASSOCIATES,AACDEIIOSSSST
CARERS;RACERS;SCARER,ACERRS
AMAZEDLY,AADELMYZ
CURARE,ACERRU
CARTER;CRATER;TRACER,ACERRT
CARVER;CRAVER,ACERRV
CHLORIN,CHILNOR
DEPLORED,DDEELOPR
WARHEAD,AADEHRW
RESHIPPING,EGHIINPPRS
CONSECRATED,ACCDEENORST
CARBONIZING,ABCGIINNORZ
BLACKLIST,ABCIKLLST
ASSERTIVENESS,AEEEINRSSSSTV
ANTICIPATED,AACDEIINPTT
INTERSTICIAL,ACEIIILNRSTT
CUTTHROAT,ACHORTTTU
FLATTENERS,AEEFLNRSTT
HOMOGENIZED,DEEGHIMNOOZ
RELABELED,ABDEEELLR
TENDON,DENNOT
UNDONE,DENNOU
LYMPHOCYTES,CEHLMOPSTYY
PASTERS;REPASTS;SPAREST,AEPRSST
ROUNDELAY,ADELNORUY
EYEBALLED,ABDEEELLY
BENZYL,BELNYZ
SARCOMAS,AACMORSS
DISTORTING,DGIINORSTT
LINTIER;NITRILE,EIILNRT
EXCESSIVELY,CEEEILSSVXY
CABBALAH,AAABBCHL
UNISEXES,EEINSSUX
EXUDATES,ADEESTUX
SUFFERINGLY,EFFGILNRSUY
PHONING,GHINNOP
ESCARPMENTS,ACEEMNPRSST
OPPORTUNE,ENOOPPRTU
REMIGRATIONS,AEGIIMNORRST
UNFORBIDDEN,BDDEFINNORU
SACRIFICER,ACCEFIIRRS
CODDLING,CDDGILNO
AMATIVE,AAEIMTV
SUFFUSE,EFFSSUU
SUBGRADES,ABDEGRSSU
PREANNOUNCEMENTS,ACEEEMNNNNOPRSTU
CABOODLE,ABCDELOO
CUDDLING,CDDGILNU
PRIMOGENITURE,EEGIIMNOPRRTU
ACRIMONIOUSLY,ACIILMNOORSUY
HOGSHEAD,ADEGHHOS
WHETTING,EGHINTTW
SENESCENT;SENTENCES,CEEENNSST
APPLICATION,AACIILNOPPT
BANDSMEN,ABDEMNNS
HUNKERED,DEEHKNRU
OVERDRESSED,DDEEEORRSSV
BESHREWS,BEEHRSSW
URBANISM,ABIMNRSU
DIRTYING,DGIINRTY
FREELOADERS,ADEEEFLORRS
BOUNDEN,BDENNOU
CONVOKERS,CEKNOORSV
BASIFY,ABFISY
INNOVATIONS,AIINNNOOSTV
PAROXYSM,AMOPRSXY
LUNCHROOMS,CHLMNOORSU
INTOXICATEDLY,ACDEIILNOTTXY
DISCOTHEQUE,CDEEHIOQSTU
EPHEDRINE,DEEEHINPR
POULTICING,CGIILNOPTU
STRUMMED,DEMMRSTU
UNAVOIDABILITY,AABDIIILNOTUVY
CONCEPTIVE,CCEEINOPTV
DONATES,ADENOST
BARMIEST,ABEIMRST
CRYOSURGEON,CEGNOORRSUY
FETES,EEFST
FUSEE,EEFSU
FALLACY,AACFLLY
FESSE,EEFSS
FEZES,EEFSZ
ARRESTED;RETREADS;SERRATED;TREADERS,ADEERRST
AUSTRALIA,AAAILRSTU
HADJEES,ADEEHJS
PURSUES,EPRSSUU
STEEP,EEPST
WIREMEN,EEIMNRW
HIBERNATION,ABEHIINNORT
ERMINES,EEIMNRS
SKULLCAPS,ACKLLPSSU
MULATTOS,ALMOSTTU
BIOGEOGRAPHY,ABEGGHIOOPRY
MALIGNING,AGGIILMNN
CURVING,CGINRUV
COOPERATIVE,ACEEIOOPRTV
FUME,EFMU
COQUET,CEOQTU
SATRAPS,AAPRSST
DERMATITISES,ADEEIIMRSSTT
DICKIE,CDEIIK
ELECTED,CDEEELT
VAULTS,ALSTUV
COALBINS,ABCILNOS
ALMONERS,AELMNORS
MONTREAL,AELMNORT
ANYWHERE,AEEHNRWY
AGATE,AAEGT
WARRANTY,AANRRTWY
PLUMBING,BGILMNPU
EVAPORATOR,AAEOOPRRTV
FORZANDOS,ADFNOORSZ
INDECENT,CDEEINNT
OTOLOGIST,GILOOOSTT
FRYPANS,AFNPRSY
SOVRANS,ANORSSV
BIBLIOTHERAPY,ABBEHIILOPRTY
FLAGELLUM,AEFGLLLMU
CYNICISM,CCIIMNSY
FORBAD,ABDFOR
ENORMOUS,EMNOORSU
RESHIPMENTS,EEHIMNPRSST
BERGS,BEGRS
SOFIA,AFIOS
BABOONISH,ABBHINOOS
ANNATTOS,AANNOSTT
HORSIER,EHIORRS
REIMBURSING,BEGIIMNRRSU
ASPHALTIC,AACHILPST
MUTINY,IMNTUY
UNMIXT,IMNTUX
QUEZALS,AELQSUZ
APHORISMS,AHIMOPRSS
SUBBREEDS,BBDEERSSU
COLLUDE,CDELLOU
MAYORSHIP,AHIMOPRSY
PENUCHE,CEEHNPU
BOGEYMEN,BEEGMNOY
GRAFFITO,AFFGIORT
RESIDENTIALLY,ADEEIILLNRSTY
PHOTORECEPTOR,CEEHOOOPPRRTT
FORTYFIVES,EFFIORSTVY
REDNESSES,DEEENRSSS
CITICORP,CCIIOPRT
PRAESIDIA,AADEIIPRS
WRAPPED,ADEPPRW
TURNSTILE,EILNRSTTU
DECEDENTS,CDDEEENST
CONTINUOUS,CINNOOSTUU
SEXTETTES,EEESSTTTX
COLLECTING,CCEGILLNOT
BENTHOS,BEHNOST
CONTINUATIONS,ACIINNNOOSTTU
FERTILIZER,EEFIILRRTZ
VALENTINE,AEEILNNTV
DISBELIEVES,BDEEEIILSSV
NATURALIZES,AAEILNRSTUZ
CORNFLOWER,CEFLNOORRW
SERENER;SNEERER,EEENRRS
OUTMARCH,ACHMORTU
WRATHFULLY,AFHLLRTUWY
RENEWER,EEENRRW
ENTERER;REENTER;TERRENE,EEENRRT
REINVOLVE,EEILNORVV
PESTLE,EELPST
PELVES,EELPSV
SQUALLER,AELLQRSU
SLEEPS,EELPSS
TUBERCULOUSLY,BCELLORSTUUUY
DISTINGUISHING,DGGHIIIINNSSTU
SLEEPY,EELPSY
EXPELS,EELPSX
MERGING,EGGIMNR
LUSCIOUSLY,CILLOSSUUY
BONNETS,BENNOST
TAWDRIER,ADEIRRTW
GANGLIAR,AAGGILNR
SPRINGED,DEGINPRS
SYMBOLIZATIONS,ABIILMNOOSSTYZ
MAJESTICAL,AACEIJLMST
BASSETED,ABDEESST
HOTKEY,EHKOTY
AULDER;LAUDER,ADELRU
DIPLEX,DEILPX
LARDER,ADELRR
ALDERS;LADERS,ADELRS
WORRIMENT,EIMNORRTW
LIPPED,DEILPP
DEARLY,ADELRY
DISPEL;LISPED,DEILPS
SWILLS,ILLSSW
STILLS,ILLSST
DEPLETABLE,ABDEEELLPT
AMBULATING,AABGILMNTU
PASTURES,AEPRSSTU
GALOP,AGLOP
LARGO,AGLOR
GAOLS;GOALS,AGLOS
GLOAT,AGLOT
ORPHANAGES,AAEGHNOPRS
AGLOW,AGLOW
FOOTS,FOOST
WOOFS,FOOSW
MOTORCYCLES,CCELMOORSTY
ETYMOLOGISTS,EGILMOOSSTTY
BYSTREET,BEERSTTY
COLISEUMS,CEILMOSSU
APPERCEPTIVE,ACEEEIPPPRTV
SOLECISMS,CEILMOSSS
CONDUCTIVE,CCDEINOTUV
EXCAVATING,AACEGINTVX
COOTS;SCOOT,COOST
BURETTES,BEERSTTU
WHITMAN,AHIMNTW
COLONELSHIPS,CEHILLNOOPSS
GRILLAGES,AEGGILLRS
MEGABUCKS,ABCEGKMSU
GROSSING,GGINORSS
GROUSING,GGINORSU
PRIMPING,GIIMNPPR
QUALIFY,AFILQUY
CUMULATIVELY,ACEILLMTUUVY
MORTIFICATION,ACFIIIMNOORTT
SLAGGIER,AEGGILRS
PARROTER;PRORATER,AEOPRRRT
CASHOO,ACHOOS
CAHOOT,ACHOOT
COUNTERFEITNESS,CEEEFINNORSSTTU
ABYSS;BASSY,ABSSY
RHEOLOGIC,CEGHILOOR
BOASTFUL,ABFLOSTU
SELECTIONS,CEEILNOSST
SOLVENCIES,CEEILNOSSV
SCOWLS,CLOSSW
SKIMPS,IKMPSS
FASHED,ADEFHS
HAFTED,ADEFHT
SKIMPY,IKMPSY
PIGNORATED;READOPTING,ADEGINOPRT
COMPARABLY,AABCLMOPRY
EQUATABLE,AABEELQTU
RAGGY,AGGRY
GUNNERS,EGNNRSU
GRAVITY,AGIRTVY
PALAZZO,AALOPZZ
FERRETS,EEFRRST
REFUSER,EEFRRSU
MAXIMAL,AAILMMX
ULTRACONSERVATIVE,AACEEILNORRSTTUVV
PERSONALLY,AELLNOPRSY
ITEMIZES,EEIIMSTZ
WATERMELON,AEELMNORTW
MAILMAN,AAILMMN
TEACUPFUL,ACEFLPTUU
STORYBOOK,BKOOORSTY
HANDLEBAR,AABDEHLNR
TARIFFS,AFFIRST
CONGESTION,CEGINNOOST
AUKS,AKSU
TASK,AKST
CREASIER,ACEEIRRS
ASKS,AKSS
CONDEMNERS,CDEEMNNORS
DURST;TURDS,DRSTU
INEXACTNESS,ACEEINNSSTX
REDRILLED,DDEEILLRR
BASKETWORK,ABEKKORSTW
TOUCHDOWN,CDHNOOTUW
CAFETERIAS,AACEEFIRST
RAPACIOUS,AACIOPRSU
BACKBITTEN,ABBCEIKNTT
REMUNERATIVE,AEEEIMNRRTUV
VOUCHSAFES,ACEFHOSSUV
DELEGATING,ADEEGGILNT
MEANTIME,AEEIMMNT
SANITORIA,AAIINORST
LANDRIGHT,ADGHILNRT
CANVAS,AACNSV
SUBMINIATURIZATION,AABIIIIMNNORSTTUUZ
BACCHUS,ABCCHSU
MODULATES,ADELMOSTU
SCRAMS,ACMRSS
MANNERLINESS,AEEILMNNNRSS
TOT,OTT
OUT,OTU
TOV,OTV
TOW;TWO,OTW
PERIMETRY,EEIMPRRTY
JACKSONIAN,AACIJKNNOS
OVERMODIFIES,DEEFIIMOORSV
NONGREGARIOUS,AEGGINNOORRSU
CLIMBING,BCGIILMN
POSTERIORS,EIOOPRRSST
RATTLINGS;STARTLING,AGILNRSTT
DUNNER,DENNRU
THEIRS,EHIRST
WISHER,EHIRSW
SHIVER;SHRIVE,EHIRSV
SPAVINED,ADEINPSV
HISSER;SHIERS;SHIRES,EHIRSS
MISCALLING,ACGIILLMNS
MISGIVINGS,GGIIIMNSSV
SKULK,KKLSU
HOSTILITY,HIILOSTTY
ALAI,AAIL
DETHRONING,DEGHINNORT
BRILLIANTLY,ABIILLLNRTY
MILDENS,DEILMNS
QUADRUPLING,ADGILNPQRUU
BETROTHS,BEHORSTT
IMMERSED;SIMMERED,DEEIMMRS
FIREARM,AEFIMRR
ASIA,AAIS
ARIA,AAIR
REDEDICATES,ACDDEEEIRST
REASSUMING,AEGIMNRSSU
HART,AHRT
RASH,AHRS
OBFUSCATED,ABCDEFOSTU
AVENGES;GENEVAS,AEEGNSV
SEROLOGIC,CEGILOORS
TYPHUSES,EHPSSTUY
TRAPSHOOTING,AGHINOOPRSTT
HEATHER,AEEHHRT
ABUZZ,ABUZZ
FIZZY,FIYZZ
SWASHERS,AEHRSSSW
REINCARNATE,AACEEINNRRT
HOPI,HIOP
LEAKIEST,AEEIKLST
MALAWIANS,AAAILMNSW
COSTIVELY,CEILOSTVY
BRAWNIEST,ABEINRSTW
INTRAVENOUSLY,AEILNNORSTUVY
KVETCH,CEHKTV
FARTING;INGRAFT;RAFTING,AFGINRT
UNREEL,EELNRU
OHIO,HIOO
SUBORNING,BGINNORSU
BLINKERS,BEIKLNRS
VISTAS,AISSTV
WAISTS,AISSTW
PALANQUIN,AAILNNPQU
COLL,CLLO
BRONZINGS,BGINNORSZ
ARRIVERS,AEIRRRSV
MOLDERING;REMOLDING,DEGILMNOR
STARRIER;TARRIERS,AEIRRRST
RUINER,EINRRU
FLOGS;GOLFS,FGLOS
RINSER,EINRRS
TANKSHIPS,AHIKNPSST
AVOIDANCES,AACDEINOSV
FLOATING,AFGILNOT
DYSPROSIUM,DIMOPRSSUY
ENCYSTMENT,CEEMNNSTTY
KARYOTYPE,AEKOPRTYY
ESCHALOTS,ACEHLOSST
ELIMINATES,AEEIILMNST
APOTHEOSES,AEEHOOPSST
UVEAL;VALUE,AELUV
COMMENCES,CCEEMMNOS
GREASEPAINT;REPAGINATES,AAEEGINPRST
GORGEDLY,DEGGLORY
MINORITIES,EIIIMNORST
ASSUMPTIONS,AIMNOPSSSTU
WHIPSAW,AHIPSWW
PLUSH,HLPSU
JUGFUL,FGJLUU
CUMULI,CILMUU
SHIPWAY,AHIPSWY
CUDGELED,CDDEEGLU
VETERINARIAN,AAEEIINNRRTV
FINDABLE,ABDEFILN
MANDATES,AADEMNST
CLINICIAN,ACCIIILNN
MERCHANTRY,ACEHMNRRTY
WORKFOLK,FKKLOORW
DISSEVERED,DDEEEIRSSV
IRREPARABLE,AABEEILPRRR
FIBRIN,BFIINR
MARSHALCIES,AACEHILMRSS
GUARANTEE,AAEEGNRTU
TEAZELLING,AEEGILLNTZ
MEND,DEMN
DEMO;DOME;MODE,DEMO
UNSCENTED,CDEENNSTU
FLATIRONS;INFLATORS,AFILNORST
VEXINGLY,EGILNVXY
BUYER,BERUY
EXURB,BERUX
BAHAMIAN,AAABHIMN
DERM,DEMR
ACCOMPANIMENT,AACCEIMMNNOPT
ENCHANTER,ACEEHNNRT
MODERNISTIC,CDEIIMNORST
EROTICIZATION,ACEIIINOORTTZ
